{"cameraMode":{"drawMode":0,"name":"Shaded","section":"Shading Mode"},"sceneLighting":false,"audioPlay":false,"sceneViewState":{"showFog":true,"showMaterialUpdate":false,"showSkybox":false,"showFlares":true,"showImageEffects":true,"showParticleSystems":true},"in2DMode":false,"pivot":{"x":1.100000023841858,"y":11.600000381469727,"z":0.0},"rotation":{"x":0.061454664915800098,"y":-0.014674884267151356,"z":0.0009031223016791046,"w":0.9980024099349976},"size":0.4330126941204071,"orthographic":false}