{"cameraMode":{"drawMode":0,"name":"Shaded","section":"Shading Mode"},"sceneLighting":false,"audioPlay":false,"sceneViewState":{"showFog":true,"showMaterialUpdate":false,"showSkybox":false,"showFlares":true,"showImageEffects":true,"showParticleSystems":true},"in2DMode":false,"pivot":{"x":-0.4544374346733093,"y":-15.755934715270996,"z":0.4142031669616699},"rotation":{"x":0.09118951112031937,"y":0.06299017369747162,"z":-0.0057802521623671059,"w":0.9938238263130188},"size":3.6387901306152345,"orthographic":false}