{"cameraMode":{"drawMode":0,"name":"Shaded","section":"Shading Mode"},"sceneLighting":true,"audioPlay":false,"sceneViewState":{"showFog":true,"showMaterialUpdate":false,"showSkybox":true,"showFlares":true,"showImageEffects":true,"showParticleSystems":true},"in2DMode":false,"pivot":{"x":-62.501129150390628,"y":40.36526107788086,"z":106.8199234008789},"rotation":{"x":0.04303334653377533,"y":0.535392165184021,"z":-0.027329111471772195,"w":0.8430648446083069},"size":27.959665298461915,"orthographic":false}